<Signature xmlns="http://www.w3.org/2000/09/xmldsig#"><SignedInfo><CanonicalizationMethod Algorithm="http://www.w3.org/TR/2001/REC-xml-c14n-20010315" /><SignatureMethod Algorithm="http://www.w3.org/2000/09/xmldsig#rsa-sha1" /><Reference URI="#SPI"><DigestMethod Algorithm="http://www.w3.org/2000/09/xmldsig#sha1" /><DigestValue>a10iv2KTFKmxR8BZ/oAhcNZODdg=</DigestValue></Reference></SignedInfo><SignatureValue>oEYD0zKX7b8IkqqTQtvwgPFA032Rac7rByPjDhNjo5yNV7aEG1Dyi8IVnQBbiGPuMalqOEapjbgW+QtvXb3Jl+/v+hwxWxDHZuKU4vH9PClt73q65NGUKatALVLY5VimLeGph5GxpL/e5RRigjZ8PiM0Z2P6D/F/gQdhCha/zeE=</SignatureValue><KeyInfo><KeyValue><RSAKeyValue><Modulus>07gBxbloQP7zIiP6jQx6sKO5MqBloysrdo1lCEejtwkS0hgIH/vxHAsWz01Gcn34x0OFJkiQ0JtHmURYrA8ZkJWfJ+8JAWvO0AqQCbLciDfR8K3fK8geCiYLBIOd7vld7HhSrnj+Bi4aQP597ndaYqBjr+u5ZJEouI/41e6Wsbs=</Modulus><Exponent>AQAB</Exponent></RSAKeyValue></KeyValue></KeyInfo><Object Id="SPI"><NewDataSet xmlns=""><LicCustomer><CustomerUserID>123456</CustomerUserID><LastUpdated>2000-01-01T00:00:00.00-04:00</LastUpdated><FirstName>x</FirstName><LastName>x</LastName><AddressLine1>x</AddressLine1><AddressLine2 /><City>x</City><State>x</State><ZipCode>123456</ZipCode><Country>x</Country><eMail>x@x.com</eMail><Phone>123456</Phone><BusinessUnitName>x</BusinessUnitName></LicCustomer><LicRevision><ApplicationInstance>12345678-1234-1234-1234-1234567890AB</ApplicationInstance><RevisionID>123456</RevisionID><Modified>2000-01-01T00:00:00.00-04:00</Modified><CustomerDescription>x</CustomerDescription><ActivationTokenRevisionID>123456</ActivationTokenRevisionID><ProductName>WebInspect</ProductName><ProductAlias>HP WebInspect</ProductAlias><StartDate>2000-01-01T00:00:00.00-04:00</StartDate><ExpirationDate>2020-01-01T00:00:00.00-04:00</ExpirationDate><MaintenanceDate>2020-01-01T00:00:00.00-04:00</MaintenanceDate><MachineLimit>0</MachineLimit><GlobalMachineOverride>true</GlobalMachineOverride><EnforceMachineSpecificity>true</EnforceMachineSpecificity><EnterpriseMode>StandAlone</EnterpriseMode><AllowCustomerDeactivate>true</AllowCustomerDeactivate><AllowedInstanceLimit>0</AllowedInstanceLimit></LicRevision><LicToken><ActivationToken>12345678-1234-1234-1234-1234567890AB</ActivationToken></LicToken><LicAttribute><AttributeName>SqlServer</AttributeName><AttributeValue>TRUE</AttributeValue><DisplayInProduct>1</DisplayInProduct></LicAttribute><LicAttribute><AttributeName>EnterpriseScan</AttributeName><AttributeValue>TRUE</AttributeValue><DisplayInProduct>1</DisplayInProduct></LicAttribute><LicAttribute><AttributeName>QualityCenter</AttributeName><AttributeValue>TRUE</AttributeValue><DisplayInProduct>1</DisplayInProduct></LicAttribute><LicAttribute><AttributeName>NagInfoInterval</AttributeName><AttributeValue>0</AttributeValue><DisplayInProduct>1</DisplayInProduct></LicAttribute><LicAttribute><AttributeName>NagWarnInterval</AttributeName><AttributeValue>0</AttributeValue><DisplayInProduct>1</DisplayInProduct></LicAttribute><LicAttribute><AttributeName>BetaUseAllowed</AttributeName><AttributeValue>TRUE</AttributeValue><DisplayInProduct>1</DisplayInProduct></LicAttribute><LicAttribute><AttributeName>ScanLimit</AttributeName><AttributeValue>0</AttributeValue><DisplayInProduct>1</DisplayInProduct></LicAttribute><LicAttribute><AttributeName>IPScanLimit</AttributeName><AttributeValue>0</AttributeValue><DisplayInProduct>1</DisplayInProduct></LicAttribute><LicAttribute><AttributeName>IPLimit</AttributeName><AttributeValue>0</AttributeValue><DisplayInProduct>1</DisplayInProduct></LicAttribute><LicAttribute><AttributeName>UseDNSResolution</AttributeName><AttributeValue>True</AttributeValue><DisplayInProduct>0</DisplayInProduct></LicAttribute><LicAttribute><AttributeName>HostRange</AttributeName><AttributeValue>&lt;NewDataSet&gt; &lt;LicHost&gt; &lt;IpStart&gt;0.0.0.0&lt;/IpStart&gt; &lt;IpEnd&gt;255.255.255.255&lt;/IpEnd&gt; &lt;HostName /&gt; &lt;/LicHost&gt;&lt;/NewDataSet&gt;</AttributeValue><DisplayInProduct>1</DisplayInProduct></LicAttribute></NewDataSet></Object></Signature>